basisOfRecord,catalogNumber,collectionCode,coordinateUncertaintyInMeters,countryCode,county,day,decimalLatitude,decimalLongitude,eventDate,habitat,institutionCode,locality,month,municipality,occurrenceID,recordedBy,scientificName,stateProvince,utm100x100m,utm10x10km,verbatimCoordinates,verbatimElevation,verbatimLocality,year
PreservedSpecimen,33549,,,ES,,20,,,2020-05-20,,,,5,,SANT:SANT-Algae:33549-A,"C. Piñeiro -Corbeira, S. Barrientos & M. Garci",Anotrichium furcellatum (J. Agardh) Baldock,PO,XXX,,,,"Pontevedra: Islas Cíes, Furna (42º15'17.4''N 8º48'27.4''O)",2020
PreservedSpecimen,32983,,71,ES,,19,43.698394,-7.583387,2018-07-19,,,,7,,SANT:SANT-Algae:32983-A,A. García-Fernández & I. Bárbara,Anotrichium furcellatum (J. Agardh) Baldock,LU,29TPJ141393,,29TPJ141393,,"Lugo: Ría de Viveiro, Fachada Este, Insua de Area",2018
PreservedSpecimen,32963,,71,ES,,30,43.734962,-6.914467,2017-05-30,,,,5,,SANT:SANT-Algae:32963-A,A. García-Fernández & I. Bárbara,Anotrichium furcellatum (J. Agardh) Baldock,LU,29TPJ679445,,29TPJ679445,,"Lugo: Punta da Cova, O Vicedo, Ría do Barqueiro",2017
PreservedSpecimen,32407,,71,ES,,30,43.75099,-7.690208,2017-05-30,,,,5,,SANT:SANT-Algae:32407-A,A. García Fernández & I. Bárbara,Anotrichium furcellatum (J. Agardh) Baldock,C,29TPJ054450,,29TPJ054450,,"A Coruña: Castro pequeño al sur de Playa Vilela, Mañón, Ría do Barqueiro",2017
PreservedSpecimen,32204,,71,ES,,6,42.147357,-8.838429,2016-07-06,,,,7,,SANT:SANT-Algae:32204-A,"A. García-Fernández, I. Bárbara & V. García-Redondo",Anotrichium furcellatum (J. Agardh) Baldock,PO,29TNG133661,,29TNG133661,,"Pontevedra: Portocelo, al sur de Monte Ferro, Nigrán, Bahía de Bayona",2016
PreservedSpecimen,32126,,71,ES,,17,42.287856,-8.838071,2015-06-17,,,,6,,SANT:SANT-Algae:32126-A,"V. García Redondo, I. Bárbara & A. García Fernández",Anotrichium furcellatum (J. Agardh) Baldock,PO,29TNG133817,,29TNG133817,,"Pontevedra: Aldán Oeste, Castiñeiras, Cangas, Ría de Aldán",2015
PreservedSpecimen,32118,,71,ES,,21,43.711439,-7.477572,2015-07-21,,,,7,,SANT:SANT-Algae:32118-A,"V. García Redondo, I. Bárbara & A. García Fernández",Anotrichium furcellatum (J. Agardh) Baldock,LU,29TPJ226409,,29TPJ226409,,"Lugo: San Ciprián, Xove, playa Lago",2015
PreservedSpecimen,32086,,71,ES,,8,43.742702,-7.674244,2015-05-08,,,,5,,SANT:SANT-Algae:32086-A,V. García Redondo & I. Bárbara,Anotrichium furcellatum (J. Agardh) Baldock,LU,29TPJ067441,,29TPJ067441,,"Lugo: Playa de Caolín, O Vicedo, Ría do Barqueiro",2015
PreservedSpecimen,32070,,71,ES,,6,42.147357,-8.838429,2016-07-06,,,,7,,SANT:SANT-Algae:32070-A,"V. García Redondo, I. Bárbara & A. García-Fernández",Anotrichium furcellatum (J. Agardh) Baldock,PO,29TNG133661,,29TNG133661,,"Pontevedra: Portocelo, al sur de Monte Ferro, Nigrán, Bahía de Bayona",2016
PreservedSpecimen,31913,,71,ES,,20,42.195032,-8.800761,2016-06-20,,,,6,,SANT:SANT-Algae:31913-A,V. García-Redondo &  I. Bárbara,Anotrichium furcellatum (J. Agardh) Baldock,PO,29TNG164714,,29TNG164714,,"Pontevedra: Puerto de Canido, Vigo, Ría de Vigo",2016
PreservedSpecimen,31876,,71,ES,,3,42.482394,-8.843653,2015-07-03,,,,7,,SANT:SANT-Algae:31876-A,V. García-Redondo &  I. Bárbara,Anotrichium furcellatum (J. Agardh) Baldock,PO,29TNH128033,,29TNH128033,,"Pontevedra: Os Baños, Isla de A Toxa, ría de Arousa",2015
PreservedSpecimen,31752,,71,ES,,8,43.742702,-7.674244,2015-05-08,,,,5,,SANT:SANT-Algae:31752-A,V. García-Redondo & I. Bárbara,Anotrichium furcellatum (J. Agardh) Baldock,LU,29TPJ067441,,29TPJ067441,,"Lugo: Playa de Caolín, O Vicedo, Ría do Barqueiro",2015
PreservedSpecimen,30824,,71,ES,,20,42.228478,-8.892754,2016-05-20,,,,5,,SANT:SANT-Algae:30824-A,I. Bárbara & V. Peña,Anotrichium furcellatum (J. Agardh) Baldock,PO,29TNG088751,,29TNG088751,,"Pontevedra: Ría de Vigo, Islas Cíes, TR7, Punta Muxieiro",2016
PreservedSpecimen,30786,,71,ES,,5,42.225781,-8.897606,2016-05-05,,,,5,,SANT:SANT-Algae:30786-A,I. Bárbara,Anotrichium furcellatum (J. Agardh) Baldock,PO,29TNG084748,,29TNG084748,,"Pontevedra: Ría de Vigo, Islas Cíes, TR6, Playa de Areiña",2016
PreservedSpecimen,30261,,71,ES,,14,43.465387,-8.278655,2015-10-14,,,,10,,SANT:SANT-Algae:30261-A,V. García-Redondo & I. Bárbara,Anotrichium furcellatum (J. Agardh) Baldock,C,29TNJ583127,,29TNJ583127,,"A Coruña: Castillo de San Felipe, Ferrol, Ría de Ferrol",2015
PreservedSpecimen,30133,,71,ES,,16,43.465387,-8.278655,2015-04-16,,,,4,,SANT:SANT-Algae:30133-A,V. García-Redondo & I. Bárbara,Anotrichium furcellatum (J. Agardh) Baldock,C,29TNJ583127,,29TNJ583127,,"A Coruña: Castillo de San Felipe, Ferrol, Ría de Ferrol",2015
PreservedSpecimen,29447,,71,ES,,19,43.455591,-8.296076,2015-03-19,,,,3,,SANT:SANT-Algae:29447-A,V. García-Redondo & I. Bárbara,Anotrichium furcellatum (J. Agardh) Baldock,C,29TNJ569116,,29TNJ569116,,"A Coruña: Ría de Ferrol, Piedra de la Reina, Ares",2015
PreservedSpecimen,29382,,71,ES,,27,43.465387,-8.278655,2015-01-27,,,,1,,SANT:SANT-Algae:29382-A,V. García-Redondo & I. Bárbara,Anotrichium furcellatum (J. Agardh) Baldock,C,29TNJ583127,,29TNJ583127,,"A Coruña: Castillo de San Felipe, Ferrol, Ría de Ferrol",2015
PreservedSpecimen,29329,,71,ES,,13,43.46364,-8.28733,2014-06-13,,,,6,,SANT:SANT-Algae:29329-A,V. García-Redondo & I. Bárbara,Anotrichium furcellatum (J. Agardh) Baldock,C,29TNJ576125,,29TNJ576125,,"A Coruña: Torpedera cerca Castillo de San Felipe, Ferrol, Ría de Ferrol",2014
PreservedSpecimen,29316,,71,ES,,11,43.465387,-8.278655,2014-05-11,,,,5,,SANT:SANT-Algae:29316-A,"I. Bárbara, Bagnaro, Hildebrand, V. Peña & O. de Clerck",Anotrichium furcellatum (J. Agardh) Baldock,C,29TNJ583127,,29TNJ583127,,"A Coruña: Castillo de San Felipe, Ferrol, Ría de Ferrol",2014
PreservedSpecimen,29299,,71,ES,,24,43.355319,-8.245409,2014-07-24,,,,7,,SANT:SANT-Algae:29299-A,"V. García-Redondo, A. García-Fernández & I. Bárbara",Anotrichium furcellatum (J. Agardh) Baldock,C,29TNJ611005,,29TNJ611005,,"A Coruña: Playa de Sada cerca dique, Ría de Ares y Betanzos",2014
PreservedSpecimen,29028,,71,ES,,21,43.464392,-8.263833,2014-05-21,,,,5,,SANT:SANT-Algae:29028-A,I. Bárbara,Anotrichium furcellatum (J. Agardh) Baldock,C,29TNJ595126,,29TNJ595126,,"A Coruña: Frente a Mugardos, Mugardos, Ría de Ferrol",2014
PreservedSpecimen,28448,,71,ES,,18,42.576138,-8.926279,2008-06-18,,,,6,,SANT:SANT-Algae:28448-A,I. Bárbara & V. Peña,Anotrichium furcellatum (J. Agardh) Baldock,C,29TNH060137,,29TNH060137,,"A Coruña: Punta Cabio, Ría de Arousa",2008
PreservedSpecimen,28423,,71,ES,,18,42.574291,-8.873886,2008-06-18,,,,6,,SANT:SANT-Algae:28423-A,I. Bárbara & V. Peña,Anotrichium furcellatum (J. Agardh) Baldock,C,29TNH103135,,29TNH103135,,"A Coruña: Ensenada de Palmeira, Riveira, Ría de Arousa",2008
PreservedSpecimen,27229,,71,ES,,18,42.242894,-8.89879,2003-05-18,,,,5,,SANT:SANT-Algae:27229-A,C. Peteiro & Mª López,Anotrichium furcellatum (J. Agardh) Baldock,PO,29TNG083767,,29TNG083767,,"Pontevedra: Ría de Vigo, Islas Cíes, playa Cantareira",2003
PreservedSpecimen,26582,,71,ES,,28,42.565349,-8.965278,2004-04-28,,,,4,,SANT:SANT-Algae:26582-A,I. Bárbara & V. Peña,Anotrichium furcellatum (J. Agardh) Baldock,C,29TNH028125,,29TNH028125,,"A Coruña: Ribeira, parte externa Ría de Arousa",2004
PreservedSpecimen,24300,,71,ES,,14,42.349854,-8.756564,2005-06-14,,,,6,,SANT:SANT-Algae:24300-A,V. Peña & I. Bárbara,Anotrichium furcellatum (J. Agardh) Baldock,PO,29TNG200886,,29TNG200886,,"Pontevedra: Isla de San Clemente, Bueu, Ría de Pontevedra",2005
PreservedSpecimen,24019,,71,ES,,10,42.493308,-8.996958,2003-11-10,,,,11,,SANT:SANT-Algae:24019-A,V. Peña & I. Bárbara,Anotrichium furcellatum (J. Agardh) Baldock,C,29TNH002045,,29TNH002045,,"A Coruña: Isla Erbosa, Sálvorra, Ribeira, Ría de Arousa",2003
PreservedSpecimen,23941,,71,ES,,7,42.247301,-8.819992,2006-06-07,,,,6,,SANT:SANT-Algae:23941-A,V. Peña & I. Bárbara,Anotrichium furcellatum (J. Agardh) Baldock,PO,29TNG148772,,29TNG148772,,"Pontevedra: Ensenada Limens, Cangas, Ría de Vigo",2006
PreservedSpecimen,23660,,71,ES,,30,42.514897,-8.923917,2005-08-30,,,,8,,SANT:SANT-Algae:23660-A,V. Peña & I. Bárbara,Anotrichium furcellatum (J. Agardh) Baldock,PO,29TNH062069,,29TNH062069,,"Pontevedra: Ría de Arousa, Los Mezos, Isla de Arosa",2005
PreservedSpecimen,22145,,71,ES,,28,42.566248,-8.960404,2004-04-28,,,,4,,SANT:SANT-Algae:22145-A,V. Peña & I. Bárbara,Anotrichium furcellatum (J. Agardh) Baldock,C,29TNH032126,,29TNH032126,,"A Coruña: Punta Aguiuncho, Ribeira, Ría de Arousa",2004
PreservedSpecimen,21414,,71,ES,,14,42.367845,-8.746778,2005-06-14,,,,6,,SANT:SANT-Algae:21414-A,V. Peña & I. Bárbara,Anotrichium furcellatum (J. Agardh) Baldock,PO,29TNG208906,,29TNG208906,,"Pontevedra: Punta Loira, Marín, Ría de Pontevedra",2005
PreservedSpecimen,21132,,71,ES,,21,43.366739,-8.34524,2008-06-21,,,,6,,SANT:SANT-Algae:21132-A,I. Bárbara,Anotrichium furcellatum (J. Agardh) Baldock,C,29TNJ530017,,29TNJ530017,,"A Coruña: Isla Castelo, Oleiros, Ría de A Coruña",2008
PreservedSpecimen,21032,,71,ES,,5,43.460236,-8.182299,2006-09-05,,,,9,,SANT:SANT-Algae:21032-A,V. Peña & I. Bárbara,Anotrichium furcellatum (J. Agardh) Baldock,C,29TNJ661122,,29TNJ661122,,"A Coruña: Ría de Ferrol, Pta. San Carlos, Ferrol",2006
PreservedSpecimen,20828,,71,ES,,5,43.463792,-8.312052,2006-09-05,,,,9,,SANT:SANT-Algae:20828-A,V. Peña & I. Bárbara,Anotrichium furcellatum (J. Agardh) Baldock,C,29TNJ556125,,29TNJ556125,,"A Coruña: Punta Fornelos, Ferrol, Ría de Ferrol",2006
PreservedSpecimen,20801,,71,ES,,28,42.590539,-8.915293,2004-04-28,,,,4,,SANT:SANT-Algae:20801-A,V. Peña & I. Bárbara,Anotrichium furcellatum (J. Agardh) Baldock,C,29TNH069153,,29TNH069153,,"A Coruña: Punta Golfina, A Pobra do Caramiñal, Ría de Arousa",2004
PreservedSpecimen,19464,,71,ES,,20,43.462854,-8.305882,2007-10-20,,,,10,,SANT:SANT-Algae:19464-A,"I. Bárbara, P. Díaz & J. Souto",Anotrichium furcellatum (J. Agardh) Baldock,C,29TNJ561124,,29TNJ561124,,"A Coruña: Punta de San Cristobal, Ferrol, Ría de Ferrol",2007
PreservedSpecimen,19293,,71,ES,,10,42.611228,-8.887223,2007-05-10,,,,5,,SANT:SANT-Algae:19293-A,I. Bárbara & V. Peña,Anotrichium furcellatum (J. Agardh) Baldock,C,29TNH092176,,29TNH092176,,"A Coruña: Cabo Cruz, Boiro, Ría de Arousa",2007
PreservedSpecimen,19276,,71,ES,,5,43.456468,-8.292358,2006-09-05,,,,9,,SANT:SANT-Algae:19276-A,I. Bárbara & V. Peña,Anotrichium furcellatum (J. Agardh) Baldock,C,29TNJ572117,,29TNJ572117,,"A Coruña: Punta de San Martín Oeste, Mugardos, Ría de Ferrol",2006
PreservedSpecimen,19098,,707,ES,,21,42.294239,-8.666404,1992-01-21,,,,1,,SANT:SANT-Algae:19098-A,J. Cremades,Anotrichium furcellatum (J. Agardh) Baldock,PO,29TNG2782,,29TNG2782,,"Pontevedra: Puente de Rande, Moaña, Ría de Vigo",1992
PreservedSpecimen,18859,,71,ES,,7,42.252756,-8.856345,2004-09-07,,,,9,,SANT:SANT-Algae:18859-A,V. Peña & I. Bárbara,Anotrichium furcellatum (J. Agardh) Baldock,PO,29TNG118778,,29TNG118778,,"Pontevedra: Castros da Barra, Ría de Vigo, Cangas",2004
PreservedSpecimen,18549,,71,ES,,22,42.478898,-9.004258,2005-06-22,,,,6,,SANT:SANT-Algae:18549-A,"V. Peña, I. Bárbara, P. Díaz & M. Tibaldo",Anotrichium furcellatum (J. Agardh) Baldock,C,29TMH996029,,29TMH996029,,"A Coruña: Al NE Isla Sálvora, Ribeira, Ría de Arousa",2005
PreservedSpecimen,18482,,71,ES,,22,42.491507,-9.005476,2005-06-22,,,,6,,SANT:SANT-Algae:18482-A,"V. Peña, I. Bárbara, P. Díaz & M. Tibaldo",Anotrichium furcellatum (J. Agardh) Baldock,C,29TMH995043,,29TMH995043,,"A Coruña: Canal Curbina, Sur Isla Vionta, Ribeira, Ría de Arousa",2005
PreservedSpecimen,18261,,71,ES,,4,42.599507,-8.873835,2005-02-04,,,,2,,SANT:SANT-Algae:18261-A,"V. Peña, I. Bárbara, J. Cremades & O. Freire",Anotrichium furcellatum (J. Agardh) Baldock,C,29TNH103163,,29TNH103163,,"A Coruña: Sur de Isla Benencia, Boiro, Ría de Arousa",2005
PreservedSpecimen,17803,,71,ES,,29,43.106453,-9.167757,2003-09-29,,,,9,,SANT:SANT-Algae:17803-A,I. Bárbara & P. Díaz,Anotrichium furcellatum (J. Agardh) Baldock,C,29TMH863726,,29TMH863726,,"A Coruña: Playa del Lago, Muxía",2003
PreservedSpecimen,17797,,71,ES,,29,43.106453,-9.167757,2003-09-29,,,,9,,SANT:SANT-Algae:17797-A,I. Bárbara & P. Díaz,Anotrichium furcellatum (J. Agardh) Baldock,C,29TMH863726,,29TMH863726,,"A Coruña: Playa del Lago, Muxía",2003
PreservedSpecimen,17784,,71,ES,,29,43.106453,-9.167757,2003-09-29,,,,9,,SANT:SANT-Algae:17784-A,I. Bárbara & P. Díaz,Anotrichium furcellatum (J. Agardh) Baldock,C,29TMH863726,,29TMH863726,,"A Coruña: Playa del Lago, Muxía",2003
PreservedSpecimen,17550,,71,ES,,28,43.719324,-7.461234,2006-03-28,,,,3,,SANT:SANT-Algae:17550-A,I. Bárbara & S. Baamonde,Anotrichium furcellatum (J. Agardh) Baldock,LU,29TPJ239418,,29TPJ239418,,"Lugo: San Ciprián, Xove, Interior dique Morás (6)",2006
PreservedSpecimen,17266,,71,ES,,28,43.719307,-7.459993,2006-03-28,,,,3,,SANT:SANT-Algae:17266-A,I. Bárbara & S. Baamonde,Anotrichium furcellatum (J. Agardh) Baldock,LU,29TPJ240418,,29TPJ240418,,"Lugo: San Ciprián, Xove, Interior dique Morás (6)",2006
PreservedSpecimen,16480,,71,ES,,17,43.366739,-8.34524,2005-09-17,,,,9,,SANT:SANT-Algae:16480-A,I. Bárbara,Anotrichium furcellatum (J. Agardh) Baldock,C,29TNJ530017,29TNJ50,29TNJ530017,,"A Coruña: Al norte de Isla Castelo, Oleiros, Ría de A Coruña",2005
PreservedSpecimen,16476,,71,ES,,10,42.257078,-8.750859,2005-12-10,,,,12,,SANT:SANT-Algae:16476-A,I. Bárbara & V. Peña,Anotrichium furcellatum (J. Agardh) Baldock,PO,29TNG205783,,29TNG205783,,"Pontevedra: Oeste de Con de Pego, Cangas, Ría de Vigo",2005
PreservedSpecimen,15980,,71,ES,,17,42.251717,-8.771489,2004-09-17,,,,9,,SANT:SANT-Algae:15980-A,V. Peña & I. Bárbara,Anotrichium furcellatum (J. Agardh) Baldock,PO,29TNG188777,,29TNG188777,,"Pontevedra: Ensenada de Cangas, Cangas, Ría de Vigo",2004
PreservedSpecimen,15969,,71,ES,,24,42.275888,-8.707127,2004-09-24,,,,9,,SANT:SANT-Algae:15969-A,V. Peña & I. Bárbara,Anotrichium furcellatum (J. Agardh) Baldock,PO,29TNG241804,,29TNG241804,,"Pontevedra: Punta Arroas, Moaña, Ría de Vigo",2004
PreservedSpecimen,15781,,71,ES,,29,42.78238,-8.952931,2004-10-29,,,,10,,SANT:SANT-Algae:15781-A,"I. Bárbara, R. Araújo & M. Tibaldo",Anotrichium furcellatum (J. Agardh) Baldock,C,29TNH038366,29TNH03,29TNH038366,,"A Coruña: Punta Cambrona, Outes, Ría de Muros e Noia",2004
PreservedSpecimen,15769,,71,ES,,29,42.567987,-8.873899,2004-10-29,,,,10,,SANT:SANT-Algae:15769-A,"I. Bárbara, R. Araújo & M. Tibaldo",Anotrichium furcellatum (J. Agardh) Baldock,PO,29TNH103128,,29TNH103128,,"Pontevedra: Playa de Naval, Illa de Arousa, Ría de Arousa",2004
PreservedSpecimen,15703,,71,ES,,8,43.346175,-8.371371,2005-05-08,,,,5,,SANT:SANT-Algae:15703-A,I. Bárbara,Anotrichium furcellatum (J. Agardh) Baldock,C,29TNH509994,,29TNH509994,,"A Coruña: parte externa Isla Santa Cristina, Oleiros, Ría de A Coruña",2005
PreservedSpecimen,15280,,71,ES,,12,42.257228,-8.8333,2005-02-12,,,,2,,SANT:SANT-Algae:15280-A,I. Bárbara,Anotrichium furcellatum (J. Agardh) Baldock,PO,29TNG137783,,29TNG137783,,"Pontevedra: Ría de Vigo, Cangas, Playa de Nerga",2005
PreservedSpecimen,15262,,71,ES,,15,43.719324,-7.461234,2004-11-15,,,,11,,SANT:SANT-Algae:15262-A,I. Bárbara,Anotrichium furcellatum (J. Agardh) Baldock,LU,29TPJ239418,,29TPJ239418,,"Lugo: Interior dique Morás, Xove",2004
PreservedSpecimen,15256,,71,ES,,29,42.565275,-8.865376,2004-10-29,,,,10,,SANT:SANT-Algae:15256-A,I. Bárbara,Anotrichium furcellatum (J. Agardh) Baldock,PO,29TNH110125,,29TNH110125,,"Pontevedra: Punta del Puerto, Illa de Arousa, Ría de Arousa",2004
PreservedSpecimen,14813,,71,ES,,18,42.157249,-8.82751,2003-03-18,,,,3,,SANT:SANT-Algae:14813-A,I. Bárbara & S. Calvo,Anotrichium furcellatum (J. Agardh) Baldock,PO,29TNG142672,,29TNG142672,,"Pontevedra: Playa de Patos, ensenada Carreira, Nigrán, Ría de Vigo",2003
PreservedSpecimen,14231,,71,ES,,9,43.373254,-8.383435,2001-03-09,,,,3,,SANT:SANT-Algae:14231-A,V. Peña & I. Bárbara,Anotrichium furcellatum (J. Agardh) Baldock,C,29TNJ499024,,29TNJ499024,,"A Coruña: Torre de Control Marítimo, Puesrto de A Coruña, A Coruña",2001
PreservedSpecimen,14174,,71,ES,,13,43.371513,-8.394561,2000-11-13,,,,11,,SANT:SANT-Algae:14174-A,V. Peña & I. Bárbara,Anotrichium furcellatum (J. Agardh) Baldock,C,29TNJ490022,,29TNJ490022,,"A Coruña: Embarcadero Dársena, A Coruña, Ría de A Coruña",2000
PreservedSpecimen,11351,,71,ES,,14,42.564401,-8.889744,1999-09-14,,,,9,,SANT:SANT-Algae:11351-A,A.J. Veiga Villar,Anotrichium furcellatum (J. Agardh) Baldock,PO,29TNH090124,,29TNH090124,,"Pontevedra: Niño do Corvo, Illa de Arousa, Ría de Arousa",1999
PreservedSpecimen,8435,,71,ES,,15,43.374155,-8.383426,1997-04-15,,,,4,,SANT:SANT-Algae:8435-A,I. Bárbara,Anotrichium furcellatum (J. Agardh) Baldock,C,29TNJ499025,29TNJ40,29TNJ499025,,"A Coruña: Ría de A Coruña, puerto deportivo del Casino",1997
PreservedSpecimen,8280,,71,ES,,29,42.233643,-8.742468,1994-03-29,,,,3,,SANT:SANT-Algae:8280-A,M.I. Guillermes & J. Cremades,Anotrichium furcellatum (J. Agardh) Baldock,PO,29TNG212757,29TNG27,29TNG212757,,Pontevedra: Puerto de Vigo. Dique de Coia interno,1994
PreservedSpecimen,8148,,7071,ES,,25,42.226778,-8.697054,1994-06-25,,,,6,,SANT:SANT-Algae:8148-A,M.I. Guillermes & J. Cremades,Anotrichium furcellatum (J. Agardh) Baldock,PO,XXX,29TNG27,29TNG27,,Pontevedra: Puerto de Vigo. Junto a industrias Navales Patouro,1994
PreservedSpecimen,8052,,7071,ES,,25,42.226778,-8.697054,1994-06-25,,,,6,,SANT:SANT-Algae:8052-A,M.I. Guillermes & J. Cremades,Anotrichium furcellatum (J. Agardh) Baldock,PO,XXX,29TNG27,29TNG27,,Pontevedra: Puerto de Vigo. Junto a industrias Navales Patouro,1994
PreservedSpecimen,8035,,7071,ES,,17,42.226778,-8.697054,1995-03-17,,,,3,,SANT:SANT-Algae:8035-A,M.I. Guillermes & J. Cremades,Anotrichium furcellatum (J. Agardh) Baldock,PO,XXX,29TNG27,29TNG27,,Pontevedra: Puerto de Vigo. Junto a industrias Navales Patouro,1995
PreservedSpecimen,7883,,707,ES,,15,42.249309,-8.703007,1995-06-15,,,,6,,SANT:SANT-Algae:7883-A,M.I. Guillermes & J. Cremades,Anotrichium furcellatum (J. Agardh) Baldock,PO,29TNG2477,29TNG27,29TNG2477,,Pontevedra: Puerto de Vigo. Cerca de industrias Vulcano,1995
PreservedSpecimen,7683,,71,ES,,6,42.551816,-8.917781,1996-03-06,,,,3,,SANT:SANT-Algae:7683-A,"I. Bárbara, J. Cremades & A.J. Veiga",Anotrichium furcellatum (J. Agardh) Baldock,PO,29TNH067110,29TNH01,29TNH067110,,"Pontevedra: Ría de Arousa, Faro de Piedra Seca",1996
PreservedSpecimen,7430,,71,ES,,23,42.551816,-8.917781,1995-06-23,,,,6,,SANT:SANT-Algae:7430-A,"I. Bárbara, A. Granja & J. Cristobo",Anotrichium furcellatum (J. Agardh) Baldock,PO,29TNH067110,29TNH01,29TNH067110,,"Pontevedra: ría de Arousa, Faro de la Isla",1995
PreservedSpecimen,7325,,71,ES,,16,43.753987,-8.963356,1994-12-16,,,,12,,SANT:SANT-Algae:7325-A,A.J. Veiga,Anotrichium furcellatum (J. Agardh) Baldock,C,29TNJ029445,29TNJ40,29TNJ029445,,"La Coruña: ría de La Coruña, El Portiño",1994
PreservedSpecimen,7314,,71,ES,,5,43.368766,-8.385949,1994-12-05,,,,12,,SANT:SANT-Algae:7314-A,I. Bárbara,Anotrichium furcellatum (J. Agardh) Baldock,C,29TNJ497019,29TNJ40,29TNJ497019,,"La Coruña: ría de La Coruña, Castillo de San Antón",1994
PreservedSpecimen,6638,,71,ES,,29,42.234544,-8.742464,1994-03-29,,,,3,,SANT:SANT-Algae:6638-A,J. Cremades & M.I. Guillermes,Anotrichium furcellatum (J. Agardh) Baldock,PO,29TNG212758,29TNG27,29TNG212758,,"Pontevedra: Dique de Coia, puerto de Vigo, ría de Vigo",1994
PreservedSpecimen,5962,,71,ES,,17,42.568004,-8.890956,1997-10-17,,,,10,,SANT:SANT-Algae:5962-A,I. Bárbara & A.J. Veiga,Anotrichium furcellatum (J. Agardh) Baldock,PO,29TNH089128,,29TNH089128,,"Pontevedra: Punta Barbafeita, Illa de Arousa, Ría de Arousa",1997
PreservedSpecimen,5624,,71,ES,,23,42.582451,-8.942114,1997-04-23,,,,4,,SANT:SANT-Algae:5624-A,A.J. Veiga & J. Cremades,Anotrichium furcellatum (J. Agardh) Baldock,C,29TNH047144,,29TNH047144,,"A Coruña: Punta Corna, A Pobra do Caramiñal, Ría de Arousa",1997
PreservedSpecimen,4739,,71,ES,,23,43.345282,-8.372614,1992-07-23,,,,7,,SANT:SANT-Algae:4739-A,I. Bárbara,Anotrichium furcellatum (J. Agardh) Baldock,C,29TNH508993,29TNH59,29TNH508993,,"La Coruña: ría de La Coruña, Isla de Santa Cristina",1992
PreservedSpecimen,3623,,71,ES,,13,42.258905,-8.762976,1996-11-13,,,,11,,SANT:SANT-Algae:3623-A,J. Cremades & A.J. Veiga,Anotrichium furcellatum (J. Agardh) Baldock,PO,29TNG195785,,29TNG195785,,"Pontevedra: Isla de las Ratas, Cangas, Ría de Vigo",1996
PreservedSpecimen,3250,,71,ES,,24,42.410006,-8.679767,1990-07-24,,,,7,,SANT:SANT-Algae:3250-A,M.C. López Rodríguez,Anotrichium furcellatum (J. Agardh) Baldock,PO,29TNG263953,29TNG29,29TNG263953,,"Pontevedra: Punta Placeres, Marín, ría de Pontevedra",1990
PreservedSpecimen,2421,,71,ES,,8,43.346979,-8.354089,1990-08-08,,,,8,,SANT:SANT-Algae:2421-A,I. Bárbara.,Anotrichium furcellatum (J. Agardh) Baldock,C,29TNH523995,29TNH59,29TNH523995,,La Coruña: Bahía de La Coruña (Playa pequeña de Bastiagueiro).,1990
PreservedSpecimen,2265,,71,ES,,17,43.379421,-8.214248,1991-05-17,,,,5,,SANT:SANT-Algae:2265-A,I. Bárbara.,Anotrichium furcellatum (J. Agardh) Baldock,C,29TNJ636032,29TNJ60,29TNJ636032,,La Coruña: Entre la Ría de Ares y Betanzos (playa de Perbes),1991
PreservedSpecimen,2100,,71,ES,,26,43.368766,-8.385949,1990-01-26,,,,1,,SANT:SANT-Algae:2100-A,I. Bárbara.,Anotrichium furcellatum (J. Agardh) Baldock,C,29TNJ497019,29TNJ40,29TNJ497019,,La Coruña: Bahía de La Coruña (Castillo de San Antón).,1990
PreservedSpecimen,2099,,71,ES,,3,43.345275,-8.37138,1989-06-03,,,,6,,SANT:SANT-Algae:2099-A,I. Bárbara.,Anotrichium furcellatum (J. Agardh) Baldock,C,29TNH509993,29TNH59,29TNH509993,,La Coruña: Bahía de La Coruña (Santa Cristina).,1989
PreservedSpecimen,2098,,71,ES,,18,43.346979,-8.354089,1986-09-18,,,,9,,SANT:SANT-Algae:2098-A,I. Bárbara.,Anotrichium furcellatum (J. Agardh) Baldock,C,29TNH523995,29TNH59,29TNH523995,,La Coruña: Bahía de La Coruña (Playa pequeña de Bastiagueiro).,1986
PreservedSpecimen,2097,,71,ES,,13,43.35234,-8.346628,1989-11-13,,,,11,,SANT:SANT-Algae:2097-A,I. Bárbara.,Anotrichium furcellatum (J. Agardh) Baldock,C,29TNJ529001,29TNH59,29TNJ529001,,La Coruña: Bahía de La Coruña (Santa Cruz).,1989
PreservedSpecimen,2067,,71,ES,,26,43.345275,-8.37138,1990-03-26,,,,3,,SANT:SANT-Algae:2067-A,I. Bárbara.,Anotrichium furcellatum (J. Agardh) Baldock,C,29TNH509993,29TNH59,29TNH509993,,La Coruña: Bahía de La Coruña (Santa Cristina).,1990
PreservedSpecimen,1364,,71,ES,,15,42.410006,-8.679767,1989-10-15,,,,10,,SANT:SANT-Algae:1364-A,M. C. López Rodríguez.,Anotrichium furcellatum (J. Agardh) Baldock,PO,29TNG263953,29TNG29,29TNG263953,,"Pontevedra: Península de Placeres, Ría de Pontevedra.",1989
PreservedSpecimen,1339,,71,ES,,12,43.368766,-8.385949,1987-10-12,,,,10,,SANT:SANT-Algae:1339-A,J. Cremades & I. Bárbara.,Anotrichium furcellatum (J. Agardh) Baldock,C,29TNJ497019,29TNJ40,29TNJ497019,,La Coruña: Castillo de San Antón (La Coruña).,1987
PreservedSpecimen,1338,,71,ES,,20,43.368766,-8.385949,1986-09-20,,,,9,,SANT:SANT-Algae:1338-A,J. Cremades & I. Bárbara.,Anotrichium furcellatum (J. Agardh) Baldock,C,29TNJ497019,29TNJ40,29TNJ497019,,La Coruña: Castillo de San Antón (La Coruña).,1986
PreservedSpecimen,1337,,71,ES,,6,43.345275,-8.37138,1983-11-06,,,,11,,SANT:SANT-Algae:1337-A,I. Bárbara.,Anotrichium furcellatum (J. Agardh) Baldock,C,29TNH509993,29TNH59,29TNH509993,,"La Coruña: Santa Cristina, Bahía de La Coruña.",1983
PreservedSpecimen,1336,,7071,ES,,5,43.485899,-8.319839,1986-07-05,,,,7,,SANT:SANT-Algae:1336-A,J. Cremades & I. Bárbara.,Anotrichium furcellatum (J. Agardh) Baldock,C,XXX,29TNJ51,29TNJ51,,"La Coruña: La Graña, Ría de El Ferrol.",1986
PreservedSpecimen,582,,71,ES,,22,43.466295,-8.279881,1988-01-22,,,,1,,SANT:SANT-Algae:582-A,J. Cremades & I. Bárbara,Anotrichium furcellatum (J. Agardh) Baldock,C,29TNJ582128,29TNJ51,29TNJ582128,,"La Coruña: Ensenada de Laxe, ría de Ferrol.",1988
PreservedSpecimen,581,,71,ES,,16,43.466295,-8.279881,1988-04-16,,,,4,,SANT:SANT-Algae:581-A,J. Cremades & I. Bárbara,Anotrichium furcellatum (J. Agardh) Baldock,C,29TNJ582128,29TNJ51,29TNJ582128,,"La Coruña: Ensenada de Laxe, ría de Ferrol.",1988
PreservedSpecimen,435,,71,ES,,25,43.462678,-8.277452,1990-02-25,,,,2,,SANT:SANT-Algae:435-A,"J. Cremades, I. Bárbara & A. Granja",Anotrichium furcellatum (J. Agardh) Baldock,C,29TNJ584124,29TNJ51,29TNJ584124,,"La Coruña: Ensenada de Nande, ría de Ferrol.",1990
PreservedSpecimen,252,,,ES,,24,,,1991-02-24,,,,2,,SANT:SANT-Algae:252-A,J. Otero,Anotrichium furcellatum (J. Agardh) Baldock,PO,XXX,,,,"Pontevedra: ría de vigo, Punta Domayo",1991
